{
  "Dummy": {
    "accuracy": 0.6766666666666666,
    "f1": 0.0
  },
  "LogisticRegression": {
    "accuracy": 0.8296666666666667,
    "f1": 0.7146845337800112,
    "roc_auc": 0.8789091463104972
  },
  "DecisionTree": {
    "accuracy": 0.8443333333333334,
    "f1": 0.7270601987142022,
    "roc_auc": 0.8624176019501295
  },
  "RandomForest": {
    "accuracy": 0.9136666666666666,
    "f1": 0.8555493586168432,
    "roc_auc": 0.9630546950383424
  },
  "GradientBoosting": {
    "accuracy": 0.9256666666666666,
    "f1": 0.8801719505642128,
    "roc_auc": 0.9686232288862933
  }
}